entreprise,annee,pilier,indicateur,valeur,unite,source
Apple,2025,E,Reduction emissions GES,60,%,Apple Environmental Progress Report 2026
Apple,2025,E,Matériaux recyclés,30,%,Apple Environmental Progress Report 2026
Apple,2025,E,Cobalt recyclé,100,%,Apple Environmental Progress Report 2026
Apple,2025,E,Terres rares recyclées,100,%,Apple Environmental Progress Report 2026
Apple,2025,S,Femmes dans la main-d'œuvre mondiale,35,%,Apple Inclusion & Diversity
Apple,2025,S,Employés fournisseurs formés aux droits du travail,2400000,personnes,Apple Supply Chain
Apple,2025,S,Évaluations de sites fournisseurs,895,sites,Apple Supply Chain
Apple,2025,S,Cas de travail forcé identifiés dans la chaîne logistique,0,cas,Apple Supply Chain
Apple,2026,G,Membres du conseil d'administration,8,membres,Apple Leadership
Apple,2026,G,Lead Independent Director,1,poste,Apple Leadership
Apple,2026,G,Conseil avec administrateurs indépendants,1,oui,Apple CDP Corporate Questionnaire 2025

